{
	"class_name" : "PinholeCameraParameters",
	"extrinsic" : 
	[
		0.97407888433213563,
		0.097499002352549324,
		0.20411827855074549,
		0.0,
		0.12087814300292914,
		-0.98705929040899465,
		-0.10536807752567036,
		0.0,
		0.1912035607472454,
		0.12731025786459571,
		-0.97325911072027715,
		0.0,
		0.0010178662226494883,
		1.3940201746292864,
		2.7905406311868033,
		1.0
	],
	"intrinsic" : 
	{
		"height" : 720,
		"intrinsic_matrix" : 
		[
			623.53829072479584,
			0.0,
			0.0,
			0.0,
			623.53829072479584,
			0.0,
			639.5,
			359.5,
			1.0
		],
		"width" : 1280
	},
	"version_major" : 1,
	"version_minor" : 0
}