{
	"class_name" : "PinholeCameraParameters",
	"extrinsic" : 
	[
		0.43428902022814897,
		0.28097009114599092,
		-0.85583225855928569,
		0.0,
		0.28627726501202927,
		-0.94390043970696325,
		-0.16461253736649001,
		0.0,
		-0.85407164479714859,
		-0.17351590071925771,
		-0.49036094639671091,
		0.0,
		-0.46073390354660182,
		1.0111485994966096,
		3.0750641536524963,
		1.0
	],
	"intrinsic" : 
	{
		"height" : 720,
		"intrinsic_matrix" : 
		[
			623.53829072479584,
			0.0,
			0.0,
			0.0,
			623.53829072479584,
			0.0,
			639.5,
			359.5,
			1.0
		],
		"width" : 1280
	},
	"version_major" : 1,
	"version_minor" : 0
}